system,node_name,release,version,machine,processor,physical_cores,total_cores,total_memory,available_memory,start_time,index,pipeline_name,nb_input_graphs,node2vec_dimensions,node2vec_walk_length,node2vec_num_walks,node2vec_p,node2vec_q,node2vec_window,node2vec_batch_words,node2vec_workers,random_forest_n_estimators,random_forest_n_jobs,imbalance_ratio,precision_class_0,recall_class_0,f1_score_class_0,support_class_0,precision_class_1,recall_class_1,f1_score_class_1,support_class_1,true_positives,true_negatives,false_positives,false_negatives,AUC,end_time,duration
Linux,nixos,6.1.57,#1-NixOS SMP PREEMPT_DYNAMIC Tue Oct 10 20:00:46 UTC 2023,x86_64,,14,20,67171385344,39125385216,2023_10_18_00_51_57_962206,0,random-forest-pipeline,16,128,32,50,0.5,0.5,5,16,6,100,5,496.3333333333333,0.9979892761394102,1.0,0.9989936262998994,11912.0,0.0,0.0,0.0,24.0,0,11912,0,24,0.5,2023_10_18_00_58_55_749446,417.78724 total sec (00h 06m 57s)
Linux,nixos,6.1.57,#1-NixOS SMP PREEMPT_DYNAMIC Tue Oct 10 20:00:46 UTC 2023,x86_64,,14,20,67171385344,38980808704,2023_10_18_01_04_03_894271,1,random-forest-pipeline,16,128,32,50,0.5,0.5,10,16,6,100,5,496.3333333333333,0.9979892761394102,1.0,0.9989936262998994,11912.0,0.0,0.0,0.0,24.0,0,11912,0,24,0.5,2023_10_18_01_14_21_065818,617.171547 total sec (00h 10m 17s)
Linux,nixos,6.1.57,#1-NixOS SMP PREEMPT_DYNAMIC Tue Oct 10 20:00:46 UTC 2023,x86_64,,14,20,67171385344,38980808704,2023_10_18_01_04_03_894242,3,random-forest-pipeline,16,128,32,50,0.5,1.0,10,16,6,100,5,496.3333333333333,0.9979892761394102,1.0,0.9989936262998994,11912.0,0.0,0.0,0.0,24.0,0,11912,0,24,0.5,2023_10_18_01_14_29_474913,625.580671 total sec (00h 10m 25s)
Linux,nixos,6.1.57,#1-NixOS SMP PREEMPT_DYNAMIC Tue Oct 10 20:00:46 UTC 2023,x86_64,,14,20,67171385344,38981840896,2023_10_18_01_04_03_893587,0,random-forest-pipeline,16,128,32,50,0.5,0.5,5,16,6,100,5,496.3333333333333,0.9979892761394102,1.0,0.9989936262998994,11912.0,0.0,0.0,0.0,24.0,0,11912,0,24,0.5,2023_10_18_01_15_30_243418,686.349831 total sec (00h 11m 26s)
Linux,nixos,6.1.57,#1-NixOS SMP PREEMPT_DYNAMIC Tue Oct 10 20:00:46 UTC 2023,x86_64,,14,20,67171385344,38980808704,2023_10_18_01_04_03_894279,2,random-forest-pipeline,16,128,32,50,0.5,1.0,5,16,6,100,5,496.3333333333333,0.9979892761394102,1.0,0.9989936262998994,11912.0,0.0,0.0,0.0,24.0,0,11912,0,24,0.5,2023_10_18_01_15_33_149046,689.254767 total sec (00h 11m 29s)
